node_id:int,node_label_id:int,node_name:string,web_name:string,access_type:string
5780,2,Web5780,155导航,0
5781,2,Web5781,360借条,1
5782,2,Web5782,360安全中心网,0
5783,2,Web5783,360影视大全,0
5784,2,Web5784,360搜索,0
5785,2,Web5785,360网址导航,0
5786,2,Web5786,4399小游戏,0
5787,2,Web5787,99.com,0
5788,2,Web5788,AccuWeather,0
5789,2,Web5789,BLUEBLUE,0
5790,2,Web5790,CNZZ,0
5791,2,Web5791,DNS查询流量,0
5792,2,Web5792,GPS定位服务器,0
5793,2,Web5793,KUAISHOU.COM,0
5794,2,Web5794,K歌达人,1
5795,2,Web5795,MIUI米柚,0
5796,2,Web5796,MediaV聚胜万合,0
5797,2,Web5797,Mob官网,0
5798,2,Web5798,QQ,1
5799,2,Web5799,QQ浏览器,1
5800,2,Web5800,QQ空间,0
5801,2,Web5801,SSL安全类业务流量,0
5802,2,Web5802,Web上网流量（Get）,0
5803,2,Web5803,Web上网流量（Post）,0
5804,2,Web5804,WiFi万能钥匙,0
5805,2,Web5805,XMPP IM（采用XMPP协议的业务流量）,0
5806,2,Web5806,YY语音,0
5807,2,Web5807,amazon云服务,0
5808,2,Web5808,crashlytics,0
5809,2,Web5809,iCloud,0
5810,2,Web5810,vivo网站,0
5811,2,Web5811,一点资讯,0
5812,2,Web5812,七牛云存储,0
5813,2,Web5813,万年历,0
5814,2,Web5814,三星网站,0
5815,2,Web5815,上海交通大学,0
5816,2,Web5816,个信,0
5817,2,Web5817,个推推送,0
5818,2,Web5818,中国联通网上营业厅,0
5819,2,Web5819,京东,0
5820,2,Web5820,今日头条,1
5821,2,Web5821,优酷,0
5822,2,Web5822,全国道路货运车辆公共监管与服务平台,0
5823,2,Web5823,其他业务流量,0
5824,2,Web5824,其他地图、导航类应用,0
5825,2,Web5825,北京泰迪熊移动科技有限公司,0
5826,2,Web5826,医账通,1
5827,2,Web5827,华为网站,0
5828,2,Web5828,南京航空航天大学,0
5829,2,Web5829,去哪儿旅行,1
5830,2,Web5830,友盟广告平台,0
5831,2,Web5831,可可软件商店,1
5832,2,Web5832,可可软件商店,0
5833,2,Web5833,唱吧,1
5834,2,Web5834,喜马拉雅FM,0
5835,2,Web5835,基调网络,0
5836,2,Web5836,墨迹天气,0
5837,2,Web5837,大众点评网,0
5838,2,Web5838,天猫商城,0
5839,2,Web5839,天翼用户中心,0
5840,2,Web5840,头条网,0
5841,2,Web5841,头条网公共资源,0
5842,2,Web5842,奋斗在韩国,1
5843,2,Web5843,好看,0
5844,2,Web5844,小米商城,0
5845,2,Web5845,小米门户,0
5846,2,Web5846,嵩恒官网,0
5847,2,Web5847,平安保险,0
5848,2,Web5848,广点通,0
5849,2,Web5849,应用宝,0
5850,2,Web5850,微信,0
5851,2,Web5851,微信,1
5852,2,Web5852,微信网,0
5853,2,Web5853,微软公共资源,0
5854,2,Web5854,微软网站,0
5855,2,Web5855,快手,0
5856,2,Web5856,快手,1
5857,2,Web5857,懒人听书,1
5858,2,Web5858,房地产估价,1
5859,2,Web5859,捉鱼网,0
5860,2,Web5860,搜狐网,0
5861,2,Web5861,搜狗手机助手,1
5862,2,Web5862,搜狗手机助手官网,0
5863,2,Web5863,搜狗搜索,0
5864,2,Web5864,搜狗输入法,1
5865,2,Web5865,支付宝,0
5866,2,Web5866,新浪微博,1
5867,2,Web5867,新浪微博,0
5868,2,Web5868,旺彩网,0
5869,2,Web5869,星域CDN,0
5870,2,Web5870,智汇云,0
5871,2,Web5871,未识别TCP业务流量,0
5872,2,Web5872,未识别UDP业务流量,0
5873,2,Web5873,极光推送,0
5874,2,Web5874,模拟炒股,0
5875,2,Web5875,汇德思创通讯技术有限公司,0
5876,2,Web5876,沃tv,0
5877,2,Web5877,沃商店,0
5878,2,Web5878,沃邮箱,0
5879,2,Web5879,沃音乐,1
5880,2,Web5880,淘宝网,0
5881,2,Web5881,火山直播,0
5882,2,Web5882,热云,0
5883,2,Web5883,爱唱,1
5884,2,Web5884,爱奇艺,0
5885,2,Web5885,爱奇艺视频,1
5886,2,Web5886,猎豹浏览器,0
5887,2,Web5887,猎豹移动,0
5888,2,Web5888,电话邦,0
5889,2,Web5889,百度,0
5890,2,Web5890,百度公共资源,0
5891,2,Web5891,百度地图,0
5892,2,Web5892,百度输入法,0
5893,2,Web5893,网易新闻,1
5894,2,Web5894,网络时代组织,0
5895,2,Web5895,网络连接流量,0
5896,2,Web5896,考拉FM,1
5897,2,Web5897,腾讯公共资源,0
5898,2,Web5898,腾讯地图,0
5899,2,Web5899,腾讯手机管家,1
5900,2,Web5900,腾讯手机管家,0
5901,2,Web5901,腾讯新闻,1
5902,2,Web5902,腾讯直播,1
5903,2,Web5903,腾讯网,0
5904,2,Web5904,腾讯视频,1
5905,2,Web5905,腾讯视频,0
5906,2,Web5906,苏宁,0
5907,2,Web5907,苹果公共资源,0
5908,2,Web5908,西瓜视频,0
5909,2,Web5909,解决网,0
5910,2,Web5910,触宝,0
5911,2,Web5911,谷歌,0
5912,2,Web5912,谷歌公共资源,0
5913,2,Web5913,财付通,0
5914,2,Web5914,酷我音乐,0
5915,2,Web5915,酷狗音乐,0
5916,2,Web5916,金山云,0
5917,2,Web5917,金山公共资源,0
5918,2,Web5918,金山手机卫士,1
5919,2,Web5919,金山手机卫士,0
5920,2,Web5920,金山手机毒霸,1
5921,2,Web5921,金山毒霸,0
5922,2,Web5922,长安汽车股份有限公司,0
5923,2,Web5923,阿里DNS,0
5924,2,Web5924,阿里云,0
5925,2,Web5925,雅虎中国CDN,0
5926,2,Web5926,饿了么网上订餐4,0
5927,2,Web5927,马头流量,0
5928,2,Web5928,驾考宝典,0
5929,2,Web5929,高德地图,1
5930,2,Web5930,高德官方网站,0
5931,2,Web5931,高德导航,0
5932,2,Web5932,魔窗,0
5933,2,Web5933,360公共资源,0
5934,2,Web5934,360手机卫士,0
5935,2,Web5935,360手机卫士,1
5936,2,Web5936,3GPP,0
5937,2,Web5937,A8音乐网,0
5938,2,Web5938,ADPush营销平台,0
5939,2,Web5939,AppStore,0
5940,2,Web5940,CDN服务,0
5941,2,Web5941,COLOROS官方网站手机版,0
5942,2,Web5942,Entrust服务认证,0
5943,2,Web5943,HAYDAYGAME.COM,0
5944,2,Web5944,HOLA桌面,0
5945,2,Web5945,ITAO.COM,0
5946,2,Web5946,IZAT,0
5947,2,Web5947,Microsoft Office,0
5948,2,Web5948,NASA官方航天资讯,0
5949,2,Web5949,NOW,1
5950,2,Web5950,NTP协议,0
5951,2,Web5951,OPPO乐园,0
5952,2,Web5952,OPPO软件商店,0
5953,2,Web5953,OutLook邮箱,0
5954,2,Web5954,PERSONALPRODUCE,0
5955,2,Web5955,PLU游戏娱乐传媒,0
5956,2,Web5956,PPTV聚力,0
5957,2,Web5957,QQ互联,0
5958,2,Web5958,QQ邮箱,1
5959,2,Web5959,QQ音乐,1
5960,2,Web5960,RealPlayer,0
5961,2,Web5961,digicert SSL证书,0
5962,2,Web5962,flurry平台,0
5963,2,Web5963,globalsig,0
5964,2,Web5964,iTunes,1
5965,2,Web5965,nearme云笔记,1
5966,2,Web5966,三星应用,0
5967,2,Web5967,三星应用,1
5968,2,Web5968,上海大众汽车有限公司企业官网,0
5969,2,Web5969,中国移动通信,0
5970,2,Web5970,中国联通彩信相册,0
5971,2,Web5971,乐元素游戏,0
5972,2,Web5972,土豆视频,0
5973,2,Web5973,墨迹天气,1
5974,2,Web5974,小米商城,1
5975,2,Web5975,小米游戏网,0
5976,2,Web5976,往返,0
5977,2,Web5977,手心输入法,0
5978,2,Web5978,手机百度,1
5979,2,Web5979,携程旅行网,0
5980,2,Web5980,支付宝,1
5981,2,Web5981,旺信,1
5982,2,Web5982,有道网,0
5983,2,Web5983,来往,0
5984,2,Web5984,江苏网络电视台,0
5985,2,Web5985,猫眼电影,0
5986,2,Web5986,百度手机助手,1
5987,2,Web5987,百度手机助手,0
5988,2,Web5988,百视通NBA,0
5989,2,Web5989,站长之家,0
5990,2,Web5990,米聊,1
5991,2,Web5991,美团网,0
5992,2,Web5992,芒果TV,0
5993,2,Web5993,苹果网站,0
5994,2,Web5994,菜鸟网,0
5995,2,Web5995,蓝信工场（北京）科技有限公司网站,0
5996,2,Web5996,虾米音乐,0
5997,2,Web5997,西游网,0
5998,2,Web5998,运满满,0
5999,2,Web5999,陌陌,1
6000,2,Web6000,陌陌官网,0
6001,2,Web6001,风灵创景,0
6002,2,Web6002,魅族公共资源,0
6003,2,Web6003,魅族官网首页,0
6004,2,Web6004,魅族应用商店,1
6005,2,Web6005,135编辑器官网,0
6006,2,Web6006,365地产家居网,0
6007,2,Web6007,39健康网,0
6008,2,Web6008,51Yes网站流量统计,0
6009,2,Web6009,95美女秀,1
6010,2,Web6010,ADSENSOR,0
6011,2,Web6011,ADVERTISING,0
6012,2,Web6012,APPLE,0
6013,2,Web6013,AdMaster精硕科技,0
6014,2,Web6014,Adnxs,0
6015,2,Web6015,AppStore,1
6016,2,Web6016,AppsFlyer,0
6017,2,Web6017,Bootstrap中文网,0
6018,2,Web6018,CRWDCNTRL.NET,0
6019,2,Web6019,Casale Media 官方网站,0
6020,2,Web6020,DATAEYE泛娱乐领军数据服务提供商,0
6021,2,Web6021,DXP media,0
6022,2,Web6022,Facebook,0
6023,2,Web6023,Google分析,0
6024,2,Web6024,IGG.COM,0
6025,2,Web6025,Opt-out From Our Cookies,0
6026,2,Web6026,PHP开源CMS,0
6027,2,Web6027,PRIVACY,0
6028,2,Web6028,QQ先锋,0
6029,2,Web6029,QQ同步助手,1
6030,2,Web6030,Rubicon Project,0
6031,2,Web6031,SERVER,0
6032,2,Web6032,Swrve,0
6033,2,Web6033,Taboola,0
6034,2,Web6034,TalkingData,0
6035,2,Web6035,The Weather Channel,0
6036,2,Web6036,UC浏览器,1
6037,2,Web6037,VPN业务流量,0
6038,2,Web6038,YoYi悠易,0
6039,2,Web6039,chartboost,0
6040,2,Web6040,edgecastcdn内容发布平台,0
6041,2,Web6041,new relic,0
6042,2,Web6042,ofo,0
6043,2,Web6043,tanx营销平台,0
6044,2,Web6044,vungle,0
6045,2,Web6045,www.hk.cn,0
6046,2,Web6046,一听音乐,0
6047,2,Web6047,万流客,0
6048,2,Web6048,上海合合信息科技发展有限公司,0
6049,2,Web6049,东方财富网,0
6050,2,Web6050,东方财富通,0
6051,2,Web6051,中国电信,0
6052,2,Web6052,中国网,0
6053,2,Web6053,中国联通沃门户,0
6054,2,Web6054,中国青年网,0
6055,2,Web6055,二手车,0
6056,2,Web6056,互众广告,0
6057,2,Web6057,互动在线,0
6058,2,Web6058,互动百科,0
6059,2,Web6059,企业微信,1
6060,2,Web6060,优酷视频,1
6061,2,Web6061,传漾科技,0
6062,2,Web6062,作业帮,0
6063,2,Web6063,光明网,0
6064,2,Web6064,免费图片上传空间,0
6065,2,Web6065,全国公安机关互联网站安全服务平台,0
6066,2,Web6066,凤凰网,0
6067,2,Web6067,加网,0
6068,2,Web6068,北京博新创亿科技股份有限公司,0
6069,2,Web6069,北京数字联盟网络科技有限公司,0
6070,2,Web6070,北京百姓网,0
6071,2,Web6071,千帆移动开放平台,0
6072,2,Web6072,卡卡贷专业版,0
6073,2,Web6073,去哪儿网,0
6074,2,Web6074,又拍云存储,0
6075,2,Web6075,同花顺,1
6076,2,Web6076,同花顺财经,0
6077,2,Web6077,同花顺金融服务网,0
6078,2,Web6078,君海游戏,0
6079,2,Web6079,哈罗单车,0
6080,2,Web6080,响巢看看,0
6081,2,Web6081,啪啪游戏厅,0
6082,2,Web6082,嗨秀秀场,0
6083,2,Web6083,国双科技,0
6084,2,Web6084,地图,1
6085,2,Web6085,复歌科技,0
6086,2,Web6086,多点广告,0
6087,2,Web6087,多盟网,0
6088,2,Web6088,好玩聊聊,0
6089,2,Web6089,尚得机构,0
6090,2,Web6090,广州优视网络科技有限公司,0
6091,2,Web6091,开放静态文件,0
6092,2,Web6092,开迅科技,0
6093,2,Web6093,当当网,0
6094,2,Web6094,微店,0
6095,2,Web6095,必应地图,0
6096,2,Web6096,恒泰证券,0
6097,2,Web6097,成人视频,0
6098,2,Web6098,手机世界,0
6099,2,Web6099,手机商城,0
6100,2,Web6100,手机淘宝,0
6101,2,Web6101,手机淘宝,1
6102,2,Web6102,手机百度,0
6103,2,Web6103,抱抱,0
6104,2,Web6104,拇指游,0
6105,2,Web6105,拼多多商城,0
6106,2,Web6106,掌阅书城,0
6107,2,Web6107,搜狐视频,0
6108,2,Web6108,搜狗公共资源,0
6109,2,Web6109,搜狗输入法,0
6110,2,Web6110,摸象网,0
6111,2,Web6111,斗破苍穹漫画,0
6112,2,Web6112,新浪网,0
6113,2,Web6113,智慧网,0
6114,2,Web6114,有缘网,0
6115,2,Web6115,校管家,0
6116,2,Web6116,毒霸网址大全,0
6117,2,Web6117,民族证券专业版,1
6118,2,Web6118,派悦科技,0
6119,2,Web6119,海度2,0
6120,2,Web6120,淘宝公共资源,0
6121,2,Web6121,游窝游戏平台,0
6122,2,Web6122,灵集科技有限公司,0
6123,2,Web6123,爱快,0
6124,2,Web6124,王者荣耀,0
6125,2,Web6125,环信即时通讯云,0
6126,2,Web6126,瑞狮网络,0
6127,2,Web6127,白山云科技,0
6128,2,Web6128,百分点,0
6129,2,Web6129,百姓网,0
6130,2,Web6130,百度分享,0
6131,2,Web6131,百度知道,0
6132,2,Web6132,百度网盘,0
6133,2,Web6133,百度网页翻译,0
6134,2,Web6134,百度贴吧,0
6135,2,Web6135,百度贴吧,1
6136,2,Web6136,百度钱包,0
6137,2,Web6137,百度音乐,0
6138,2,Web6138,百词斩,0
6139,2,Web6139,瞰绩网站,0
6140,2,Web6140,神武,0
6141,2,Web6141,秀色直播,0
6142,2,Web6142,秒拍网,0
6143,2,Web6143,秒针系统网,0
6144,2,Web6144,移动应用分析平台,0
6145,2,Web6145,空间大文件,0
6146,2,Web6146,站长平台,0
6147,2,Web6147,糯米网,0
6148,2,Web6148,网易有道词典,0
6149,2,Web6149,网易有道词典,1
6150,2,Web6150,网易网,0
6151,2,Web6151,美团,0
6152,2,Web6152,美团外卖,0
6153,2,Web6153,美团网公共资源,0
6154,2,Web6154,老虎游戏,0
6155,2,Web6155,聚美优品,0
6156,2,Web6156,腾讯云平台,0
6157,2,Web6157,腾讯充值中心,1
6158,2,Web6158,腾讯充值中心,0
6159,2,Web6159,腾讯游戏,0
6160,2,Web6160,艾瑞IRD数据产品,0
6161,2,Web6161,艾瑞调研通,0
6162,2,Web6162,草花手游中心,0
6163,2,Web6163,虎扑体育,0
6164,2,Web6164,虎牙直播,0
6165,2,Web6165,蚂蚁聚宝,0
6166,2,Web6166,蚂蚁财富,1
6167,2,Web6167,表情云官网,0
6168,2,Web6168,讯飞输入法,1
6169,2,Web6169,谷歌广告平台,0
6170,2,Web6170,豆瓣FM,0
6171,2,Web6171,豌豆荚,0
6172,2,Web6172,赛门铁克杀毒,0
6173,2,Web6173,配音秀,0
6174,2,Web6174,金数据,0
6175,2,Web6175,金立网站,0
6176,2,Web6176,银狐游戏,0
6177,2,Web6177,问财财经搜索,0
6178,2,Web6178,闲鱼,0
6179,2,Web6179,阿卡迈网,0
6180,2,Web6180,阿里巴巴,0
6181,2,Web6181,顶点小说,0
6182,2,Web6182,龙图游戏,0
6183,2,Web6183,MM131美女图片,0
6184,2,Web6184,WAP上网连接流量,0
6185,2,Web6185,WAP上网（get）,0
6186,2,Web6186,WAP上网（post）,0
6187,2,Web6187,unix技术网,0
6188,2,Web6188,个人空间,0
6189,2,Web6189,中国天气网,0
6190,2,Web6190,中国建设银行,0
6191,2,Web6191,书包网,0
6192,2,Web6192,云脉汇,0
6193,2,Web6193,互动吧,0
6194,2,Web6194,博雅旅游网,0
6195,2,Web6195,和视频,0
6196,2,Web6196,和阅读,0
6197,2,Web6197,多看阅读,0
6198,2,Web6198,小米应用商店,1
6199,2,Web6199,小红书境外购物信息资讯平台,0
6200,2,Web6200,彩信业务(收),0
6201,2,Web6201,我要啦网站流量统计,0
6202,2,Web6202,汽车之家,0
6203,2,Web6203,游宝,0
6204,2,Web6204,百度开放平台,0
6205,2,Web6205,看书网,0
6206,2,Web6206,神马小说,0
6207,2,Web6207,网易云音乐,0
6208,2,Web6208,网易公共资源,0
6209,2,Web6209,美图,0
6210,2,Web6210,美图网公共资源,0
6211,2,Web6211,美拍,0
6212,2,Web6212,阿里妈妈,0
6213,2,Web6213,香哈菜谱,0
6214,2,Web6214,139上网导航,0
6215,2,Web6215,1688采购批发网,0
6216,2,Web6216,17k小说网,0
6217,2,Web6217,5068儿童网,0
6218,2,Web6218,58同城,0
6219,2,Web6219,58同城,1
6220,2,Web6220,91熊猫看书,1
6221,2,Web6221,ICLICK,0
6222,2,Web6222,OPPO互联中心官方网站,0
6223,2,Web6223,OPPO软件商店,1
6224,2,Web6224,Tik Tok,0
6225,2,Web6225,WPS Office,0
6226,2,Web6226,ZAKER新闻,0
6227,2,Web6227,hao123网址之家,0
6228,2,Web6228,itunes,0
6229,2,Web6229,whatsapp官网,0
6230,2,Web6230,乐商店,1
6231,2,Web6231,乐视网,0
6232,2,Web6232,信析宝,0
6233,2,Web6233,偷星九月天,0
6234,2,Web6234,刷机之家,0
6235,2,Web6235,千千凝听,0
6236,2,Web6236,华夏银行,0
6237,2,Web6237,单机游戏推荐,0
6238,2,Web6238,南方财富网,0
6239,2,Web6239,叮咚,0
6240,2,Web6240,唯品会,0
6241,2,Web6241,四海网,0
6242,2,Web6242,宝宝树,0
6243,2,Web6243,寻医问药网,0
6244,2,Web6244,就医160网,0
6245,2,Web6245,广州通摩信息技术有限公司,0
6246,2,Web6246,微推宝,0
6247,2,Web6247,必应搜索,0
6248,2,Web6248,快速问医生,0
6249,2,Web6249,易企秀,0
6250,2,Web6250,易观网,0
6251,2,Web6251,有趣吧,0
6252,2,Web6252,本地宝导航,0
6253,2,Web6253,欧美图片网,0
6254,2,Web6254,游戏爱好者,0
6255,2,Web6255,烟悦网,0
6256,2,Web6256,球球攻略网,0
6257,2,Web6257,百度地图,1
6258,2,Web6258,盛付通,0
6259,2,Web6259,竞迪网络,0
6260,2,Web6260,米尔军事,0
6261,2,Web6261,繁星网,0
6262,2,Web6262,网宿服务平台网站,0
6263,2,Web6263,联发科技,0
6264,2,Web6264,腾讯开放云平台,0
6265,2,Web6265,虎牙直播,1
6266,2,Web6266,诺基亚网站,0
6267,2,Web6267,赶集网,0
6268,2,Web6268,起点读书网,0
6269,2,Web6269,酷狗繁星,1
6270,2,Web6270,酷狗音乐,1
6271,2,Web6271,驾校一点通,0
6272,2,Web6272,黑莓官网,0
6273,2,Web6273,99广场舞,0
6274,2,Web6274,HERE,0
6275,2,Web6275,QQ输入法,0
6276,2,Web6276,QQ输入法,1
6277,2,Web6277,UTOOO门户网站,0
6278,2,Web6278,YY,1
6279,2,Web6279,ZOPIM,0
6280,2,Web6280,东方网,0
6281,2,Web6281,中国平安保险,0
6282,2,Web6282,中国铁路12306网,0
6283,2,Web6283,亲宝宝,0
6284,2,Web6284,全球可用的NTP服务器列表与解析服务,0
6285,2,Web6285,农业银行,0
6286,2,Web6286,动动,0
6287,2,Web6287,协作乡,0
6288,2,Web6288,同程网,0
6289,2,Web6289,品友互动,0
6290,2,Web6290,多玩游戏网,0
6291,2,Web6291,多玩约战,1
6292,2,Web6292,大众点评,0
6293,2,Web6293,天气通,1
6294,2,Web6294,字节跳动CDN,0
6295,2,Web6295,巴士管家,1
6296,2,Web6296,应用宝,1
6297,2,Web6297,微云,0
6298,2,Web6298,快的打车,0
6299,2,Web6299,悟空网络,0
6300,2,Web6300,探探,0
6301,2,Web6301,斗鱼,0
6302,2,Web6302,欢聚云,0
6303,2,Web6303,滴滴一下,0
6304,2,Web6304,滴滴出行,1
6305,2,Web6305,点我达,0
6306,2,Web6306,爱告移动广告平台,0
6307,2,Web6307,爱奇艺PPS影音,0
6308,2,Web6308,电子科技大学,0
6309,2,Web6309,百将行,0
6310,2,Web6310,百度百科,0
6311,2,Web6311,知乎,0
6312,2,Web6312,福利彩票,1
6313,2,Web6313,网易邮箱,0
6314,2,Web6314,美柚经期助手,0
6315,2,Web6315,金山在线,0
6316,2,Web6316,锤子科技,0
6317,2,Web6317,锤子科技（北京）有限公司,0
6318,2,Web6318,雅虎公共资源,0
6319,2,Web6319,雅虎搜索,0
6320,2,Web6320,APP积分运营服务平台,0
6321,2,Web6321,GROWINGIO,0
6322,2,Web6322,中国南京政府网,0
6323,2,Web6323,中国搜索,0
6324,2,Web6324,中国联通手机营业厅,1
6325,2,Web6325,中国高等教育学生信息网,0
6326,2,Web6326,云集,0
6327,2,Web6327,交通银行,0
6328,2,Web6328,人人车,1
6329,2,Web6329,人人车友,0
6330,2,Web6330,优志愿,0
6331,2,Web6331,公云PubYun,0
6332,2,Web6332,凤凰视频,0
6333,2,Web6333,凤凰视频,1
6334,2,Web6334,北京外国语大学,0
6335,2,Web6335,华为网盘,0
6336,2,Web6336,吆喝科技,0
6337,2,Web6337,多玩公共资源,0
6338,2,Web6338,奇书网,0
6339,2,Web6339,小桔科技,0
6340,2,Web6340,招商银行,1
6341,2,Web6341,招商银行,0
6342,2,Web6342,摩拜单车,1
6343,2,Web6343,摩拜单车,0
6344,2,Web6344,政务和公益机构域名注册管理中心,0
6345,2,Web6345,星火英语网,0
6346,2,Web6346,浙江联通网上商城,0
6347,2,Web6347,百果园,0
6348,2,Web6348,网易云音乐,1
6349,2,Web6349,考试宝,0
6350,2,Web6350,黄油相机,0
6351,2,Web6351,NIST,0
6352,2,Web6352,东莞证券官方网站,0
6353,2,Web6353,中国经济网,0
6354,2,Web6354,人民网,0
6355,2,Web6355,健康点,0
6356,2,Web6356,前程无忧,0
6357,2,Web6357,前程无忧,1
6358,2,Web6358,北京快网,0
6359,2,Web6359,国美,0
6360,2,Web6360,国美在线,0
6361,2,Web6361,国美网上商城,0
6362,2,Web6362,天润基业,0
6363,2,Web6363,天猫,1
6364,2,Web6364,央广网,0
6365,2,Web6365,开心消消乐,1
6366,2,Web6366,新华网,0
6367,2,Web6367,欢迎来到,0
6368,2,Web6368,海外网,0
6369,2,Web6369,火山直播,1
6370,2,Web6370,盖娅互娱,0
6371,2,Web6371,美团MIS系统,0
6372,2,Web6372,蚂蜂窝,0
6373,2,Web6373,蜻蜓FM,1
6374,2,Web6374,观察者,0
6375,2,Web6375,豆瓣网,0
6376,2,Web6376,财新网,0
6377,2,Web6377,贪玩游戏,0
6378,2,Web6378,迅雷,1
6379,2,Web6379,唯品会,1
6380,2,Web6380,腾讯微博,1
6381,2,Web6381,2345网址导航,0
6382,2,Web6382,CIBN国广星空,0
6383,2,Web6383,下厨房移动版（下厨房）,0
6384,2,Web6384,东北大学,0
6385,2,Web6385,其他即时通讯流量,0
6386,2,Web6386,北青网,0
6387,2,Web6387,平安好房,0
6388,2,Web6388,平安银行,0
6389,2,Web6389,彩票365官方网站,0
6390,2,Web6390,微会,0
6391,2,Web6391,盒子营销,0
6392,2,Web6392,纷享销客官方网站,0
6393,2,Web6393,羽扇,0
6394,2,Web6394,苏州月光石网络科技有限公司,0
6395,2,Web6395,遇见,0
6396,2,Web6396,酷云TV,0
6397,2,Web6397,酷音云,0
6398,2,Web6398,1号店,0
6399,2,Web6399,1号店,1
6400,2,Web6400,BiddingX,0
6401,2,Web6401,GameCenter(Apple),0
6402,2,Web6402,Gravatar,0
6403,2,Web6403,JJ比赛,0
6404,2,Web6404,KFC,0
6405,2,Web6405,KFC,1
6406,2,Web6406,MBA智库,0
6407,2,Web6407,MOWEATHER,0
6408,2,Web6408,PP助手官网,0
6409,2,Web6409,QQ阅读,0
6410,2,Web6410,QQ音乐,0
6411,2,Web6411,WECHAT,0
6412,2,Web6412,Windows Azure,0
6413,2,Web6413,【事业单位考试网】,0
6414,2,Web6414,上海费睿网络,0
6415,2,Web6415,东方财富通,1
6416,2,Web6416,中国银行,0
6417,2,Web6417,云存储,0
6418,2,Web6418,人人网,0
6419,2,Web6419,免费算命,0
6420,2,Web6420,公务员考试网,0
6421,2,Web6421,公司首页,0
6422,2,Web6422,共和盛世国际传媒广告（北京）有限公司,0
6423,2,Web6423,北京迈思奇网站,0
6424,2,Web6424,北龙中网,0
6425,2,Web6425,可爱女孩网络课堂,0
6426,2,Web6426,女人说,0
6427,2,Web6427,好大夫在线,0
6428,2,Web6428,宁波银行,1
6429,2,Web6429,宝沃汽车官方网站,0
6430,2,Web6430,招联消费金融,0
6431,2,Web6431,搜狐视频,1
6432,2,Web6432,新氧美丽社区,0
6433,2,Web6433,易考吧(eTest8.COM),0
6434,2,Web6434,极验验证码,0
6435,2,Web6435,求职指南网,0
6436,2,Web6436,江苏人力资源和社会保障网,0
6437,2,Web6437,江苏公务员考试网,0
6438,2,Web6438,江苏省人民政府,0
6439,2,Web6439,沃音乐,0
6440,2,Web6440,游戏部落GM86,0
6441,2,Web6441,爆米花网,0
6442,2,Web6442,爱拍原创,0
6443,2,Web6443,猎曲奇兵,1
6444,2,Web6444,猎聘网,0
6445,2,Web6445,球球大作战,0
6446,2,Web6446,男人窝,0
6447,2,Web6447,网易公开课,0
6448,2,Web6448,网易应用中心,0
6449,2,Web6449,网易微博,1
6450,2,Web6450,网易游戏官网,0
6451,2,Web6451,网易财经,1
6452,2,Web6452,美团,1
6453,2,Web6453,美图秀秀,1
6454,2,Web6454,美篇,0
6455,2,Web6455,美篇,1
6456,2,Web6456,肯德基宅急送,0
6457,2,Web6457,腾讯微博,0
6458,2,Web6458,航班管家,0
6459,2,Web6459,钉钉,0
6460,2,Web6460,钉钉,1
6461,2,Web6461,随便吧,0
6462,2,Web6462,51vv视频社区,0
6463,2,Web6463,88度C,0
6464,2,Web6464,BUGTAGS官网,0
6465,2,Web6465,LIGHT,1
6466,2,Web6466,NETBIOS流量,0
6467,2,Web6467,PP助手,1
6468,2,Web6468,SKYHOOK,0
6469,2,Web6469,WIFI万能钥匙官网,0
6470,2,Web6470,WOSAI,0
6471,2,Web6471,helpshift,0
6472,2,Web6472,supercell游戏,0
6473,2,Web6473,京东钱包,0
6474,2,Web6474,光影资源联盟,0
6475,2,Web6475,华米科技官网移动版,0
6476,2,Web6476,同兴万点网络,0
6477,2,Web6477,咖世家,0
6478,2,Web6478,哆啦宝,0
6479,2,Web6479,哔哩哔哩动画,1
6480,2,Web6480,图吧,0
6481,2,Web6481,圣城家园官方论坛,0
6482,2,Web6482,富途牛牛,0
6483,2,Web6483,小米公共资源,0
6484,2,Web6484,小米应用商店,0
6485,2,Web6485,巴依老爷广告平台,0
6486,2,Web6486,慢友帮,0
6487,2,Web6487,我就要看电影网,0
6488,2,Web6488,手机乐视,0
6489,2,Web6489,搜狗地图,0
6490,2,Web6490,数字蚌埠,0
6491,2,Web6491,新浪公共资源,0
6492,2,Web6492,昆仑游戏,0
6493,2,Web6493,曹操专车,0
6494,2,Web6494,欢乐游戏,0
6495,2,Web6495,海岛奇兵,1
6496,2,Web6496,游光网络,0
6497,2,Web6497,湖畔社区,0
6498,2,Web6498,爱心筹官网,0
6499,2,Web6499,神策数据,0
6500,2,Web6500,米客,0
6501,2,Web6501,米聊,0
6502,2,Web6502,纳米盒小学教育,0
6503,2,Web6503,网宿科技官方网站,0
6504,2,Web6504,聚划算,0
6505,2,Web6505,聚美优品,1
6506,2,Web6506,芝麻信用,0
6507,2,Web6507,苏宁易购,1
6508,2,Web6508,英语趣配音,0
6509,2,Web6509,融云即时通讯云,0
6510,2,Web6510,车联网,0
6511,2,Web6511,迅雷,0
6512,2,Web6512,返利网,0
6513,2,Web6513,追书神器,0
6514,2,Web6514,酷6网,0
6515,2,Web6515,闲鱼,1
6516,2,Web6516,8684公交,0
6517,2,Web6517,ADINALL,0
6518,2,Web6518,AdView 移动广告优化专家,0
6519,2,Web6519,Hotmail邮箱,0
6520,2,Web6520,QUANTCAST,0
6521,2,Web6521,WALMART,0
6522,2,Web6522,adobe网站,0
6523,2,Web6523,inveno,0
6524,2,Web6524,下午网,0
6525,2,Web6525,中国网事,0
6526,2,Web6526,乐心官网,0
6527,2,Web6527,九秀网,0
6528,2,Web6528,互联网交通安全综合服务平台,0
6529,2,Web6529,交汇点新闻,1
6530,2,Web6530,凤凰新闻,1
6531,2,Web6531,出境游,0
6532,2,Web6532,北京贷款公司,0
6533,2,Web6533,太平洋汽车网,0
6534,2,Web6534,太平洋电脑网,0
6535,2,Web6535,央视网,0
6536,2,Web6536,小年糕有声影集,0
6537,2,Web6537,微赞,0
6538,2,Web6538,懂球帝,0
6539,2,Web6539,手机途家网,0
6540,2,Web6540,掌上公交,0
6541,2,Web6541,掌上医讯,1
6542,2,Web6542,斐波那契,0
6543,2,Web6543,新华报业网,0
6544,2,Web6544,新浪新闻,1
6545,2,Web6545,智慧无锡,0
6546,2,Web6546,沃?江苏,0
6547,2,Web6547,泡椒软件,0
6548,2,Web6548,游戏网,0
6549,2,Web6549,湘西生活网,0
6550,2,Web6550,爱丽时尚网,0
6551,2,Web6551,爱卡汽车网,0
6552,2,Web6552,玩吧,0
6553,2,Web6553,玩立方,0
6554,2,Web6554,百度开放云平台,0
6555,2,Web6555,盛大在线,0
6556,2,Web6556,网站商务通官方网站,0
6557,2,Web6557,育儿网,0
6558,2,Web6558,脚本之家,0
6559,2,Web6559,花椒直播,0
6560,2,Web6560,菜鸟裹裹,1
6561,2,Web6561,车轮,0
6562,2,Web6562,透视宝,0
6563,2,Web6563,风行网,0
6564,2,Web6564,EEPW电子产品世界,0
6565,2,Web6565,Messenger,1
6566,2,Web6566,中国光大银行,0
6567,2,Web6567,亿通数据,0
6568,2,Web6568,工商银行,0
6569,2,Web6569,搜狐新闻,1
6570,2,Web6570,欧朋浏览器,1
6571,2,Web6571,点心网,0
6572,2,Web6572,百度安全管家,0
6573,2,Web6573,苹果助手官网,0
6574,2,Web6574,起点读书,1
6575,2,Web6575,BILIBILI游戏中心,0
6576,2,Web6576,IT168,0
6577,2,Web6577,LEANCLOUD,0
6578,2,Web6578,MOBILITYWARE,0
6579,2,Web6579,MoPub,0
6580,2,Web6580,PEGATRON,0
6581,2,Web6581,中华万年历,1
6582,2,Web6582,中华万年历,0
6583,2,Web6583,乐惠,0
6584,2,Web6584,亚马逊,0
6585,2,Web6585,华为商城官网,0
6586,2,Web6586,双开助手,0
6587,2,Web6587,在线反馈,0
6588,2,Web6588,无锡智慧公交,1
6589,2,Web6589,无锡智慧公交,0
6590,2,Web6590,杏仁医生,0
6591,2,Web6591,江苏省农村信用社联合社,0
6592,2,Web6592,江苏联通门户网站,0
6593,2,Web6593,泡泡网,0
6594,2,Web6594,百度文库,1
6595,2,Web6595,舜网,0
6596,2,Web6596,阳光宽频网,0
6597,2,Web6597,360doc个人图书馆,0
6598,2,Web6598,Airbnb,0
6599,2,Web6599,InMobi广告网站,0
6600,2,Web6600,Lofter,0
6601,2,Web6601,MIX,1
6602,2,Web6602,Ntalker客户通,0
6603,2,Web6603,QQ安全中心,0
6604,2,Web6604,万年历,1
6605,2,Web6605,乐得,0
6606,2,Web6606,口袋购物,0
6607,2,Web6607,国联证券股份有限公司官方网站,0
6608,2,Web6608,小步外勤,0
6609,2,Web6609,惠惠网,0
6610,2,Web6610,搜狐汇算,0
6611,2,Web6611,无锡建国男子医院,0
6612,2,Web6612,无锡男科医院,0
6613,2,Web6613,水木社区,0
6614,2,Web6614,百度商桥,0
6615,2,Web6615,网易邮箱,1
6616,2,Web6616,酷我音乐,1
6617,2,Web6617,126邮箱,0
6618,2,Web6618,GITHUB,0
6619,2,Web6619,Google Play,0
6620,2,Web6620,KINGSOFT,0
6621,2,Web6621,OPPO网站,0
6622,2,Web6622,outlook,0
6623,2,Web6623,中国气象频道,0
6624,2,Web6624,中文在线,0
6625,2,Web6625,丰巢,0
6626,2,Web6626,华为应用市场,1
6627,2,Web6627,口袋贷款,0
6628,2,Web6628,多推流量助手,0
6629,2,Web6629,大智慧,0
6630,2,Web6630,懒人图库,0
6631,2,Web6631,晋江文学城,0
6632,2,Web6632,漫画岛,0
6633,2,Web6633,爱心推,0
6634,2,Web6634,考拉海购,0
6635,2,Web6635,腾讯PC软件,0
6636,2,Web6636,草料二维码,0
6637,2,Web6637,轻松投,0
6638,2,Web6638,轻松筹,0
6639,2,Web6639,顺丰速运,0
6640,2,Web6640,顺手付,0
6641,2,Web6641,麦客,0
6642,2,Web6642,IDOURL,0
6643,2,Web6643,ip138查询,0
6644,2,Web6644,努比亚,0
6645,2,Web6645,努比亚商城,0
6646,2,Web6646,国金宝,0
6647,2,Web6647,小川科技,0
6648,2,Web6648,捷报比分,0
6649,2,Web6649,搜狗浏览器,0
6650,2,Web6650,珍爱网,0
6651,2,Web6651,美团打车,1
6652,2,Web6652,腾牛网,0
6653,2,Web6653,荒野行动,1
6654,2,Web6654,视界,0
6655,2,Web6655,酷划,0
6656,2,Web6656,铃声多多,0
6657,2,Web6657,页面不存在,0
6658,2,Web6658,黑眼圈竞价服务中心,0
6659,2,Web6659,K米网,0
6660,2,Web6660,MM商场,1
6661,2,Web6661,上海明数数字出版科技有限公司,0
6662,2,Web6662,中华康网,0
6663,2,Web6663,云之家,0
6664,2,Web6664,孩子王孕婴童商城,0
6665,2,Web6665,工银直销银行,1
6666,2,Web6666,康爱多网上药店,0
6667,2,Web6667,惠锁屏,1
6668,2,Web6668,新城金融,0
6669,2,Web6669,马可波罗,0
6670,2,Web6670,魅族网站,0
6671,2,Web6671,爱奇艺PPS影音,1
6672,2,Web6672,ASHLEY,0
6673,2,Web6673,BETRADAR,0
6674,2,Web6674,Battle.net,0
6675,2,Web6675,Blizzard,0
6676,2,Web6676,IMAPs,0
6677,2,Web6677,QQ邮箱,0
6678,2,Web6678,SPORTRADAR,0
6679,2,Web6679,中国知名小微借款咨询服务机构-宜信普惠,0
6680,2,Web6680,乐米彩票,0
6681,2,Web6681,其他手机支付,0
6682,2,Web6682,包商银行,0
6683,2,Web6683,华尔街英语微课堂WALLSTREETENGLISH,0
6684,2,Web6684,去哪儿保险,1
6685,2,Web6685,宜信,0
6686,2,Web6686,慕课网,0
6687,2,Web6687,新东方网,0
6688,2,Web6688,易乐科技,0
6689,2,Web6689,普云软件官方网站,0
6690,2,Web6690,祖龙娱乐,0
6691,2,Web6691,纵横中文网,0
6692,2,Web6692,缘来客,0
6693,2,Web6693,网商银行,0
6694,2,Web6694,网易邮箱大师,1
6695,2,Web6695,萤石手机商城,0
6696,2,Web6696,蘑菇街,0
6697,2,Web6697,趣分期,0
6698,2,Web6698,随手网,0
6699,2,Web6699,魔兽世界官方网站,0
6700,2,Web6700,黄金系列赛官方网站,0
6701,2,Web6701,农行掌上银行,1
6702,2,Web6702,券妈妈,0
6703,2,Web6703,大金华论坛,0
6704,2,Web6704,微小宝,0
6705,2,Web6705,恒大集团,0
6706,2,Web6706,滴滴专快,1
6707,2,Web6707,物流QQ货主电脑版下载,0
6708,2,Web6708,物流qq,0
6709,2,Web6709,玩咖欢聚,0
6710,2,Web6710,1元夺宝,0
6711,2,Web6711,34563,0
6712,2,Web6712,428989香港马会,0
6713,2,Web6713,500彩票,0
6714,2,Web6714,81880开奖现场,0
6715,2,Web6715,99976诸葛神算,0
6716,2,Web6716,SimSImi,0
6717,2,Web6717,XY游戏,0
6718,2,Web6718,≮喜羊羊≯马会网站,0
6719,2,Web6719,上海驿氪,0
6720,2,Web6720,中彩网,0
6721,2,Web6721,九龙高手论坛,0
6722,2,Web6722,云娃科技网站,0
6723,2,Web6723,众乐乐游戏,0
6724,2,Web6724,借贷猫,0
6725,2,Web6725,六合彩开奖结果,0
6726,2,Web6726,六合彩论坛,0
6727,2,Web6727,六合神算网,0
6728,2,Web6728,六合走势图.,0
6729,2,Web6729,刘伯温,0
6730,2,Web6730,创富图库,0
6731,2,Web6731,博彩网,0
6732,2,Web6732,吉屋网,0
6733,2,Web6733,喜羊羊网,0
6734,2,Web6734,喜马拉雅FM,1
6735,2,Web6735,天龙心水论坛,0
6736,2,Web6736,太阳神论坛,0
6737,2,Web6737,奇人论坛,0
6738,2,Web6738,安居客,0
6739,2,Web6739,实时分析Web应用程序,0
6740,2,Web6740,彩霸王论坛,0
6741,2,Web6741,我来贷,0
6742,2,Web6742,掌讯XY,0
6743,2,Web6743,携程旅行,1
6744,2,Web6744,数来宝高手论坛,0
6745,2,Web6745,旺角心水论坛,0
6746,2,Web6746,杭州普望信息技术有限公司,0
6747,2,Web6747,桃花源记,0
6748,2,Web6748,欢乐斗地主,1
6749,2,Web6749,欢聚时代,0
6750,2,Web6750,海淘网,0
6751,2,Web6751,温州医科大学附属第二医院,0
6752,2,Web6752,熊猫TV,1
6753,2,Web6753,状元阁高手坛,0
6754,2,Web6754,百思不得姐,0
6755,2,Web6755,移动应用统计分析平台,0
6756,2,Web6756,红楼梦心水论坛,0
6757,2,Web6757,纽扣助手官网,0
6758,2,Web6758,腾讯客服,0
6759,2,Web6759,融360,0
6760,2,Web6760,醉红颜心水论坛,0
6761,2,Web6761,金山网络,0
6762,2,Web6762,金神童六合高手网,0
6763,2,Web6763,锐动天地中文官方网站,0
6764,2,Web6764,闲来麻将官网,0
6765,2,Web6765,阿修罗中奖网,0
6766,2,Web6766,顶尖高手论坛,0
6767,2,Web6767,香港tm46特码分析网,0
6768,2,Web6768,香港六合,0
6769,2,Web6769,香港六合彩开奖结果,0
6770,2,Web6770,香港六合彩特码分析网,0
6771,2,Web6771,香港挂牌,0
6772,2,Web6772,香港正版王中王玄机中特网站0149,0
6773,2,Web6773,香港赛马会,0
6774,2,Web6774,香港金钥匙,0
6775,2,Web6775,香港马会开奖结果,0
6776,2,Web6776,驾考宝典,1
6777,2,Web6777,115网盘,0
6778,2,Web6778,360云盘,0
6779,2,Web6779,3G门户,0
6780,2,Web6780,AGRANT.CN,0
6781,2,Web6781,AG广告效果分析平台,0
6782,2,Web6782,AdFalcon,0
6783,2,Web6783,BITTORRENT,0
6784,2,Web6784,COVIDIEN,0
6785,2,Web6785,ENDPOINT,0
6786,2,Web6786,ESCAPE THE MINE,0
6787,2,Web6787,FLVURL,0
6788,2,Web6788,Google Play,1
6789,2,Web6789,Instagram照片分享,0
6790,2,Web6790,KakaoTalk,0
6791,2,Web6791,QQ彩票,0
6792,2,Web6792,QQ阅读,1
6793,2,Web6793,Steam,0
6794,2,Web6794,Twitter,0
6795,2,Web6795,viber,0
6796,2,Web6796,youtube,0
6797,2,Web6797,万戈尔,0
6798,2,Web6798,东方博雅,0
6799,2,Web6799,中国东方航空公司,0
6800,2,Web6800,中国无锡政府门户网站,0
6801,2,Web6801,中国石化销售有限公司江苏石油分公司,0
6802,2,Web6802,乐播科技,0
6803,2,Web6803,免费网络硬盘,0
6804,2,Web6804,凤凰FM,0
6805,2,Web6805,华住酒店集团,0
6806,2,Web6806,卡卡移动,0
6807,2,Web6807,友宝,0
6808,2,Web6808,响巢看看,1
6809,2,Web6809,哔哩哔哩弹幕网,0
6810,2,Web6810,商机网,0
6811,2,Web6811,善听听书,1
6812,2,Web6812,大智慧,1
6813,2,Web6813,天气网,0
6814,2,Web6814,导航犬,1
6815,2,Web6815,广州泰逢信息科技有限公司,0
6816,2,Web6816,影音先锋,1
6817,2,Web6817,搜库,0
6818,2,Web6818,无法识别,0
6819,2,Web6819,易博,0
6820,2,Web6820,最佳的磁力搜索引擎,0
6821,2,Web6821,条漫,0
6822,2,Web6822,江苏交通学习网,0
6823,2,Web6823,沃支付,0
6824,2,Web6824,深圳市东方博雅科技有限公司,0
6825,2,Web6825,玉米移动,0
6826,2,Web6826,翰林文苑,0
6827,2,Web6827,联合早报网,0
6828,2,Web6828,邑盟公司,0
6829,2,Web6829,问卷网,0
6830,2,Web6830,页面跳转中，请稍候,0
6831,2,Web6831,顶点小说手机阅读,0
6832,2,Web6832,飞猪,1
6833,2,Web6833,360手机助手,1
6834,2,Web6834,360手机助手,0
6835,2,Web6835,其他VOIP业务流量,0
6836,2,Web6836,邮政储蓄银行,0
6837,2,Web6837,139邮箱,0
6838,2,Web6838,ICMP_FAILED,0
6839,2,Web6839,JAE 应用服务网站,0
6840,2,Web6840,MediaMind 广告投放,0
6841,2,Web6841,Mixpanel,0
6842,2,Web6842,PARSE,0
6843,2,Web6843,RTBASIA,0
6844,2,Web6844,SOOGIF,0
6845,2,Web6845,TT官网TT,0
6846,2,Web6846,UC浏览器,0
6847,2,Web6847,UI中国,0
6848,2,Web6848,丢品手机端,0
6849,2,Web6849,中关村在线,0
6850,2,Web6850,中国石化江苏石油分公司,0
6851,2,Web6851,什么值得买,0
6852,2,Web6852,北京尼尔森网标信息咨询有限公司,0
6853,2,Web6853,口袋宝宝,0
6854,2,Web6854,叽里呱啦,1
6855,2,Web6855,?咔?咔漫?,0
6856,2,Web6856,天天看,0
6857,2,Web6857,天行社区,0
6858,2,Web6858,好食期,0
6859,2,Web6859,安卓市场,0
6860,2,Web6860,导读,0
6861,2,Web6861,巴士管家,0
6862,2,Web6862,慕残吧,0
6863,2,Web6863,搜狐应用中心,0
6864,2,Web6864,比亚迪汽车官方网站,0
6865,2,Web6865,江苏省地方税务局,0
6866,2,Web6866,沪江听力酷,1
6867,2,Web6867,深圳市威富通科技有限公司,0
6868,2,Web6868,熊猫直播,0
6869,2,Web6869,王者荣耀,1
6870,2,Web6870,玩吧电影,0
6871,2,Web6871,番茄游戏,0
6872,2,Web6872,百度外卖,0
6873,2,Web6873,网速大师,0
6874,2,Web6874,美图秀秀,0
6875,2,Web6875,苏州游视网络科技有限公司,0
6876,2,Web6876,葫芦侠,0
6877,2,Web6877,超星网,0
6878,2,Web6878,车来了,0
6879,2,Web6879,追书神器,1
6880,2,Web6880,顺网游戏,0
6881,2,Web6881,驱动之家,0
6882,2,Web6882,AddThis,0
6883,2,Web6883,BOMBORA,0
6884,2,Web6884,BlueKai,0
6885,2,Web6885,CIBN互联网电视官网,0
6886,2,Web6886,Connexity,0
6887,2,Web6887,Core,1
6888,2,Web6888,DRAWBRIDGE,0
6889,2,Web6889,EXELATE,0
6890,2,Web6890,Hyper DMP,0
6891,2,Web6891,Jeep中国官方网站,0
6892,2,Web6892,QQ志乐园,0
6893,2,Web6893,SKIMRESOURCES,0
6894,2,Web6894,WiFi万能钥匙,1
6895,2,Web6895,godaddy,0
6896,2,Web6896,lorealparis,0
6897,2,Web6897,上海龙讯,0
6898,2,Web6898,中华文本库,0
6899,2,Web6899,交通银行,1
6900,2,Web6900,企鹅FM,1
6901,2,Web6901,克莱斯勒经销网,0
6902,2,Web6902,图片资讯,0
6903,2,Web6903,天天车宝,1
6904,2,Web6904,妈妈网,0
6905,2,Web6905,小米路由器,0
6906,2,Web6906,广升,0
6907,2,Web6907,广告插件,0
6908,2,Web6908,房多多,0
6909,2,Web6909,房天下,0
6910,2,Web6910,搜房帮,0
6911,2,Web6911,无锡新传媒网,0
6912,2,Web6912,易车网,0
6913,2,Web6913,智联招聘,0
6914,2,Web6914,智联招聘,1
6915,2,Web6915,沃阅读,0
6916,2,Web6916,泰兴论坛,0
6917,2,Web6917,浦发信用卡,0
6918,2,Web6918,深圳联通网上商,0
6919,2,Web6919,游族网络,0
6920,2,Web6920,百度美拍,0
6921,2,Web6921,福特汽车中国网站,0
6922,2,Web6922,组词网,0
6923,2,Web6923,豌豆荚,1
6924,2,Web6924,连凯软件（北京）有限公司,0
6925,2,Web6925,闹钟健身网,0
6926,2,Web6926,靖江市政府,0
6927,2,Web6927,靖江房产信息网,0
6928,2,Web6928,靖江论坛,0
6929,2,Web6929,56书库,0
6930,2,Web6930,BOOMBEACH.COM,0
6931,2,Web6931,CENTURYLINK,0
6932,2,Web6932,Gocom门户网站,0
6933,2,Web6933,UC导航,0
6934,2,Web6934,VIANET,0
6935,2,Web6935,一起作业,0
6936,2,Web6936,丫蛋短网址,0
6937,2,Web6937,乐居购房网,0
6938,2,Web6938,乐校官网,0
6939,2,Web6939,书旗小说,1
6940,2,Web6940,书旗网,0
6941,2,Web6941,书林文学,0
6942,2,Web6942,书香云集网,0
6943,2,Web6943,亲宝宝,1
6944,2,Web6944,图吧导航,1
6945,2,Web6945,奇虎壁纸,0
6946,2,Web6946,巧虎官网,0
6947,2,Web6947,弈客围棋,0
6948,2,Web6948,掌中奇迹,0
6949,2,Web6949,有赞,0
6950,2,Web6950,棋子小说网,0
6951,2,Web6951,江阴公交一点通,1
6952,2,Web6952,江阴教育,0
6953,2,Web6953,江阴教育,1
6954,2,Web6954,汽车之家,1
6955,2,Web6955,畅思广告平台,0
6956,2,Web6956,百度网盘,1
6957,2,Web6957,直客通,0
6958,2,Web6958,神荒玄笔录,0
6959,2,Web6959,豆丁书房,1
6960,2,Web6960,豆丁网,0
6961,2,Web6961,迪士尼,0
6962,2,Web6962,阿里文学,0
6963,2,Web6963,青稞万维,0
6964,2,Web6964,风雨小说网,0
6965,2,Web6965,风雨小说网手机版,0
6966,2,Web6966,香网,0
6967,2,Web6967,AWIFI联盟,0
6968,2,Web6968,B612咔叽,1
6969,2,Web6969,BEE7.COM,0
6970,2,Web6970,BMW,0
6971,2,Web6971,GAEAMOBILE.NET,0
6972,2,Web6972,SEACERT,0
6973,2,Web6973,SUPERPOWERED.COM,0
6974,2,Web6974,万达电影,0
6975,2,Web6975,万达电影,1
6976,2,Web6976,中国建设银行,1
6977,2,Web6977,书链,0
6978,2,Web6978,全民家庭记帐软件,0
6979,2,Web6979,北京云知声信息技术有限公司,0
6980,2,Web6980,北京红龙果信息科技有限公司,0
6981,2,Web6981,华数ITV,0
6982,2,Web6982,华泰证券,0
6983,2,Web6983,大麦网,0
6984,2,Web6984,家长通,1
6985,2,Web6985,小牛在线,0
6986,2,Web6986,小蚁运动相机,0
6987,2,Web6987,快盘,0
6988,2,Web6988,投客网,0
6989,2,Web6989,换手率,1
6990,2,Web6990,柚子街,0
6991,2,Web6991,江苏直销银行,1
6992,2,Web6992,江苏银行,1
6993,2,Web6993,涨乐财富通,1
6994,2,Web6994,直播吧,0
6995,2,Web6995,紫金财产保险股份有限公司,0
6996,2,Web6996,美颜相机,1
6997,2,Web6997,胡莱官网,0
6998,2,Web6998,胡莱游戏官网,0
6999,2,Web6999,莉莉丝游戏,0
7000,2,Web7000,限时免费大全,0
7001,2,Web7001,雪球,1
7002,2,Web7002,雪球网,0
7003,2,Web7003,齐著云科技,0
7004,2,Web7004,龙珠直播LONGZHU,0
7005,2,Web7005,ALTBEACON,0
7006,2,Web7006,COLOR多彩手帐官网,0
7007,2,Web7007,Pinterest,0
7008,2,Web7008,zampdsp广告平台,0
7009,2,Web7009,咪咕视频,0
7010,2,Web7010,映客直播,0
7011,2,Web7011,触宝电话,1
7012,2,Web7012,超级英雄,0
7013,2,Web7013,114,1
7014,2,Web7014,Egret-hTML5搜索引擎,0
7015,2,Web7015,中大网视,0
7016,2,Web7016,思必驰,0
7017,2,Web7017,永硕E盘,0
7018,2,Web7018,白鹭时代,0
7019,2,Web7019,腾讯企业产品官网,0
7020,2,Web7020,虎扑篮球,0
7021,2,Web7021,酒仙网,0
7022,2,Web7022,酷我听书,0
7023,2,Web7023,NULL,NULL
7024,2,Web7024,E度教育网,0
7025,2,Web7025,一贯,0
7026,2,Web7026,云起轻应用,0
7027,2,Web7027,凡科网,0
7028,2,Web7028,南京厚建软件有限责任公司,0
7029,2,Web7029,南方基金管理有限公司网站,0
7030,2,Web7030,后台管理平台,0
7031,2,Web7031,壹家美食荟,1
7032,2,Web7032,家长帮,1
7033,2,Web7033,当当网,1
7034,2,Web7034,快礼物商城,0
7035,2,Web7035,挂号网,0
7036,2,Web7036,智慧无锡,1
7037,2,Web7037,校园通家长版,1
7038,2,Web7038,每日优鲜,0
7039,2,Web7039,沃通CA拥有全球信任的顶级根证书,0
7040,2,Web7040,猿码互动,0
7041,2,Web7041,玖富官网,0
7042,2,Web7042,玖富集团,0
7043,2,Web7043,美食杰,0
7044,2,Web7044,薄荷网,0
7045,2,Web7045,虾米音乐,1
7046,2,Web7046,长江e号,1
7047,2,Web7047,长江证券,0
7048,2,Web7048,雪地,0
7049,2,Web7049,饿了么,1
7050,2,Web7050,GWIFI商业WIFI领跑者,0
7051,2,Web7051,ROM之家,0
7052,2,Web7052,中国百科网,0
7053,2,Web7053,华宝科技,0
7054,2,Web7054,掌阅iReader,0
7055,2,Web7055,第一改装网,0
7056,2,Web7056,迷你玩官方主页,0
7057,2,Web7057,雪佛兰,0
7058,2,Web7058,haowanyou,0
7059,2,Web7059,天翼用户中心,1
7060,2,Web7060,天翼视讯,1
7061,2,Web7061,掌阅iReader,1
7062,2,Web7062,网展,0
7063,2,Web7063,上海炫亮,0
7064,2,Web7064,融360,1
7065,2,Web7065,E人E本,0
7066,2,Web7066,PPT模板,0
7067,2,Web7067,外勤365官方网站,0
7068,2,Web7068,有伴网,0
7069,2,Web7069,有道云笔记,0
7070,2,Web7070,看漫画,0
7071,2,Web7071,艺龙旅行,0
7072,2,Web7072,艺龙旅行,1
7073,2,Web7073,艺龙旅行网,0
7074,2,Web7074,蜻蜓FM,0
7075,2,Web7075,360安全快递,1
7076,2,Web7076,A+医学百科,0
7077,2,Web7077,FACEID,0
7078,2,Web7078,Face++,0
7079,2,Web7079,SOULGAME,0
7080,2,Web7080,ZTE,0
7081,2,Web7081,ZTE中兴手机应用商店,0
7082,2,Web7082,你我贷,0
7083,2,Web7083,凤凰金融,0
7084,2,Web7084,博客园,0
7085,2,Web7085,友店,0
7086,2,Web7086,团爱网,0
7087,2,Web7087,安智市场,1
7088,2,Web7088,小伙伴游戏中心,0
7089,2,Web7089,小赢理财,0
7090,2,Web7090,应用汇,1
7091,2,Web7091,快递助手,0
7092,2,Web7092,拍分期,0
7093,2,Web7093,拍拍贷,0
7094,2,Web7094,拍拍贷借款,1
7095,2,Web7095,拍拍贷理财,0
7096,2,Web7096,掌众金融,0
7097,2,Web7097,掌心管家,1
7098,2,Web7098,搜狐旅游超市,0
7099,2,Web7099,特思拉官方网站,0
7100,2,Web7100,玖富叮当贷,0
7101,2,Web7101,玖富钱包,1
7102,2,Web7102,聊天室,0
7103,2,Web7103,艾米通信有限公司,0
7104,2,Web7104,闪电借款,0
7105,2,Web7105,闪电借款,1
7106,2,Web7106,马上消费金融,0
7107,2,Web7107,马上金融,1
7108,2,Web7108,515game网,0
7109,2,Web7109,91门户,0
7110,2,Web7110,CRASHEYE,0
7111,2,Web7111,ENGAGE,0
7112,2,Web7112,Mathtag.com,0
7113,2,Web7113,nice,0
7114,2,Web7114,一加手机官网,0
7115,2,Web7115,上海邮通科技有限公司,0
7116,2,Web7116,乐变平台,0
7117,2,Web7117,六间房,0
7118,2,Web7118,内涵段子,0
7119,2,Web7119,小米直播,1
7120,2,Web7120,小米金融,1
7121,2,Web7121,所有游戏列表,0
7122,2,Web7122,掌心游,0
7123,2,Web7123,智子云,0
7124,2,Web7124,秀米网,0
7125,2,Web7125,触动精灵官网,0
7126,2,Web7126,51信用卡管家,0
7127,2,Web7127,91job,0
7128,2,Web7128,ADCOLONY,0
7129,2,Web7129,AppLovin,0
7130,2,Web7130,FINGER,0
7131,2,Web7131,FYBER,0
7132,2,Web7132,FeedBurner,0
7133,2,Web7133,MAPBOX,0
7134,2,Web7134,Ruby,0
7135,2,Web7135,SACAREALREC.COM,0
7136,2,Web7136,Tapjoy,0
7137,2,Web7137,UNITY,0
7138,2,Web7138,gameloft游戏大全,0
7139,2,Web7139,mozilla,0
7140,2,Web7140,pixiv,0
7141,2,Web7141,グロ?バル　クロスプラットフォ?ム　リアルタイムゲ?ム??,0
7142,2,Web7142,一直播,0
7143,2,Web7143,下厨房,1
7144,2,Web7144,中华人民共和国中央人民政府门户网站,0
7145,2,Web7145,九酷音乐网,0
7146,2,Web7146,优她网,0
7147,2,Web7147,传众,0
7148,2,Web7148,北京派择网络科技有限公司,0
7149,2,Web7149,南京市人力资源和社会保障网,0
7150,2,Web7150,南京网络问政,0
7151,2,Web7151,南京证券,0
7152,2,Web7152,听力课堂,0
7153,2,Web7153,和阅读,1
7154,2,Web7154,团车网,0
7155,2,Web7155,团车网,1
7156,2,Web7156,国家职业资格工作网,0
7157,2,Web7157,天涯社区,0
7158,2,Web7158,好大夫在线,1
7159,2,Web7159,我爱我家,0
7160,2,Web7160,搜狗网址导航,0
7161,2,Web7161,新快游戏盒子,1
7162,2,Web7162,无忧无虑中学语文网,0
7163,2,Web7163,果壳网,0
7164,2,Web7164,汇量科技,0
7165,2,Web7165,淘友网,0
7166,2,Web7166,牛魔王,0
7167,2,Web7167,穷游,1
7168,2,Web7168,穷游网,0
7169,2,Web7169,第一弹,0
7170,2,Web7170,米折,0
7171,2,Web7171,自如客,0
7172,2,Web7172,西祠胡同,0
7173,2,Web7173,道客巴巴,0
7174,2,Web7174,链家理财,0
7175,2,Web7175,闪舞小说搜索网,0
7176,2,Web7176,飞华健康网,0
7177,2,Web7177,首汽约车,0
7178,2,Web7178,龙虎网,0
7179,2,Web7179,QQ便民,0
7180,2,Web7180,中邮电子商务有限公司,0
7181,2,Web7181,时光相册,0
7182,2,Web7182,智慧镇江官网,0
7183,2,Web7183,最美天气,1
7184,2,Web7184,畅游网,0
7185,2,Web7185,达观数据科技,0
7186,2,Web7186,阿凡题,0
7187,2,Web7187,1药网,0
7188,2,Web7188,37手游,0
7189,2,Web7189,818医药网,0
7190,2,Web7190,CREATBY,0
7191,2,Web7191,CoudFlare,0
7192,2,Web7192,EPUB360意派,0
7193,2,Web7193,FUNPLUS,0
7194,2,Web7194,MAXGAMES.COM,0
7195,2,Web7195,Philips,0
7196,2,Web7196,Piccolo共享盘,0
7197,2,Web7197,Qmail,0
7198,2,Web7198,丁香园,0
7199,2,Web7199,万丈金数信息技术股份有限公司,0
7200,2,Web7200,上海市第六人民医院,0
7201,2,Web7201,东方保健品招商网,0
7202,2,Web7202,中华人民共和国最高人民检察院,0
7203,2,Web7203,人民铁道网,0
7204,2,Web7204,养花知识,0
7205,2,Web7205,天天农场,0
7206,2,Web7206,好药师网上药店,0
7207,2,Web7207,安全联盟,0
7208,2,Web7208,家庭医生在线,0
7209,2,Web7209,广东万丈金数信息技术股份有限公司,0
7210,2,Web7210,恒生芸泰恒生芸泰,0
7211,2,Web7211,扬州日报,0
7212,2,Web7212,春雨医生,0
7213,2,Web7213,智齿客服,0
7214,2,Web7214,暴风影音,0
7215,2,Web7215,机票预订,0
7216,2,Web7216,江苏省人民医院,0
7217,2,Web7217,游娱网,0
7218,2,Web7218,火车票网,0
7219,2,Web7219,犀牛云,0
7220,2,Web7220,猎才医药网官方网站,0
7221,2,Web7221,用户登录,0
7222,2,Web7222,百济新特药房网,0
7223,2,Web7223,网易公开课,1
7224,2,Web7224,药房网,0
7225,2,Web7225,药房网商城,0
7226,2,Web7226,镇江网友之家,0
7227,2,Web7227,魔秀网,0
7228,2,Web7228,CHATURBATE,0
7229,2,Web7229,samsung,1
7230,2,Web7230,百度浏览器,1
7231,2,Web7231,99无限,0
7232,2,Web7232,A8TIYU.COM,0
7233,2,Web7233,CC视频网,0
7234,2,Web7234,CROSS,0
7235,2,Web7235,EVCARD,1
7236,2,Web7236,app.com.cn,0
7237,2,Web7237,中国丽人网,0
7238,2,Web7238,中国工商银行,1
7239,2,Web7239,中国银联,0
7240,2,Web7240,京东,1
7241,2,Web7241,优酷视频,0
7242,2,Web7242,博客中国,0
7243,2,Web7243,同程旅游,0
7244,2,Web7244,同程旅游,1
7245,2,Web7245,得意生活,0
7246,2,Web7246,微信游戏定制,0
7247,2,Web7247,微商水印相机,0
7248,2,Web7248,招商信诺人寿保险官方网站,0
7249,2,Web7249,搜狐焦点家居,0
7250,2,Web7250,智云众,0
7251,2,Web7251,智联卓聘,0
7252,2,Web7252,欧尚官方购物网站,0
7253,2,Web7253,江苏银行官方网站,0
7254,2,Web7254,洋码头,0
7255,2,Web7255,洋码头,1
7256,2,Web7256,深圳新感易搜网络-TV拍拍,0
7257,2,Web7257,焦点网,0
7258,2,Web7258,爱词霸,0
7259,2,Web7259,缔元信,0
7260,2,Web7260,联通时科,0
7261,2,Web7261,芒果TV,1
7262,2,Web7262,读书派,0
7263,2,Web7263,软告联盟,0
7264,2,Web7264,达令全球好货,0
7265,2,Web7265,金山词霸,1
7266,2,Web7266,镇江教育信息网,0
7267,2,Web7267,鲁大师官方网站,0
7268,2,Web7268,齐数科技,0
7269,2,Web7269,19楼论坛,0
7270,2,Web7270,3DMAX视频教程,0
7271,2,Web7271,91助手官网,0
7272,2,Web7272,APACHE,0
7273,2,Web7273,LetvStore,0
7274,2,Web7274,QQ分组,0
7275,2,Web7275,SKYPE简体中文版官方网站,0
7276,2,Web7276,Skype网络电话,0
7277,2,Web7277,ebay,0
7278,2,Web7278,上海猎鹰网络有限公司,0
7279,2,Web7279,名医在线,0
7280,2,Web7280,固件升级,0
7281,2,Web7281,土巴兔装修网,0
7282,2,Web7282,太平洋家居网,0
7283,2,Web7283,家具网,0
7284,2,Web7284,建E室内设计网,0
7285,2,Web7285,思博知识产权论坛,0
7286,2,Web7286,手机遥控,0
7287,2,Web7287,斗蟹游戏网,0
7288,2,Web7288,未来电视有限公司,0
7289,2,Web7289,爱否图库,0
7290,2,Web7290,百度开发者中心,0
7291,2,Web7291,第一星座,0
7292,2,Web7292,装修就上一号家居网,0
7293,2,Web7293,西交利物浦大学,0
7294,2,Web7294,设计之家,0
7295,2,Web7295,设计本,0
7296,2,Web7296,车行易,0
7297,2,Web7297,17173游戏,0
7298,2,Web7298,17173游戏第一门户,0
7299,2,Web7299,95美女秀,0
7300,2,Web7300,YOHO.CN,0
7301,2,Web7301,卡牛信用卡管家,0
7302,2,Web7302,卡牛信用卡管家,1
7303,2,Web7303,同城交友,0
7304,2,Web7304,影视大全,0
7305,2,Web7305,暴风影音,1
7306,2,Web7306,迅雷快传,0
7307,2,Web7307,金蝶友商网,0
7308,2,Web7308,飘柔文学,0
7309,2,Web7309,MSN中文网,0
7310,2,Web7310,Windows Phone 应用商店,0
7311,2,Web7311,live邮箱,0
7312,2,Web7312,roche,0
7313,2,Web7313,小众播客,0
7314,2,Web7314,快递100,0
7315,2,Web7315,荔枝FM,0
7316,2,Web7316,中国国际航空网,0
7317,2,Web7317,中通快递网点查询,0
7318,2,Web7318,中通速递,0
7319,2,Web7319,二维火,0
7320,2,Web7320,北海365网,0
7321,2,Web7321,回车桌面,0
7322,2,Web7322,安卓之家,0
7323,2,Web7323,搜狐房产,0
7324,2,Web7324,河海大学,0
7325,2,Web7325,立即登录,0
7326,2,Web7326,防伪,0
7327,2,Web7327,东鹏特饮官网,0
7328,2,Web7328,中海地产,0
7329,2,Web7329,乐牛软件,0
7330,2,Web7330,宜搜小说网,0
7331,2,Web7331,无忧保姆网,0
7332,2,Web7332,网站防火墙,0
7333,2,Web7333,育儿网,1
7334,2,Web7334,诚信网站认证,0
7335,2,Web7335,赶集生活,1
7336,2,Web7336,雪鹰领主最新章节,0
7337,2,Web7337,青团社兼职,0
7338,2,Web7338,737游戏网,0
7339,2,Web7339,APPTENTIVE,0
7340,2,Web7340,Keep,0
7341,2,Web7341,QQ手机版,0
7342,2,Web7342,中维世纪,0
7343,2,Web7343,堆糖网,0
7344,2,Web7344,奇迹暖暖,0
7345,2,Web7345,手机中国,0
7346,2,Web7346,新蓝网,0
7347,2,Web7347,爱魔鬼社区,0
7348,2,Web7348,货拉拉,0
7349,2,Web7349,53快服网站,0
7350,2,Web7350,UC优视,0
7351,2,Web7351,downcc绿色资源网,0
7352,2,Web7352,『MAKA,0
7353,2,Web7353,优衣库官网,0
7354,2,Web7354,会议场地,0
7355,2,Web7355,八方资源网,0
7356,2,Web7356,封面新闻,0
7357,2,Web7357,广州铁人网络科技有限公司,0
7358,2,Web7358,神州专车,0
7359,2,Web7359,365you,0
7360,2,Web7360,LINE,1
7361,2,Web7361,VIDEO,0
7362,2,Web7362,YELP.COM,0
7363,2,Web7363,尚德机构,0
7364,2,Web7364,帝国网站管理系统,0
7365,2,Web7365,指南针金融理财服务信息网,0
7366,2,Web7366,赢家理财,0
7367,2,Web7367,15健康助手,0
7368,2,Web7368,APICloud,0
7369,2,Web7369,NextRadio,1
7370,2,Web7370,兴业银行,0
7371,2,Web7371,玫瑰时尚,0
7372,2,Web7372,黑牛保险,0
7373,2,Web7373,115网盘下载,0
7374,2,Web7374,163邮箱,0
7375,2,Web7375,360浏览器,1
7376,2,Web7376,MOLSION陌森眼镜官方网站,0
7377,2,Web7377,SMART,0
7378,2,Web7378,WiFi管家,1
7379,2,Web7379,中国人寿保险股份有限公司官网,0
7380,2,Web7380,中彩汇,0
7381,2,Web7381,二级分销系统,0
7382,2,Web7382,国家电网公司,0
7383,2,Web7383,天天快报,1
7384,2,Web7384,奔驰官网,0
7385,2,Web7385,易车,1
7386,2,Web7386,球球大作战,1
7387,2,Web7387,军事头条,0
7388,2,Web7388,天下军事,0
7389,2,Web7389,看直播、抢演唱会门票、玩精彩活动尽在娱乐惠,0
7390,2,Web7390,迅游手游加速器官网,0
7391,2,Web7391,如家酒店,0
7392,2,Web7392,虎扑跑步,1
7393,2,Web7393,116,1
7394,2,Web7394,CLOUD,1
7395,2,Web7395,LearnCloud,0
7396,2,Web7396,RCC--车辆远程控制系统,0
7397,2,Web7397,中信银行,0
7398,2,Web7398,中国农业银行,1
7399,2,Web7399,卓创资,0
7400,2,Web7400,杭州银行,1
7401,2,Web7401,火山小视频,1
7402,2,Web7402,超强OCR识别软件,0
7403,2,Web7403,PingWest中文网,0
7404,2,Web7404,YES娱乐,0
7405,2,Web7405,亚马逊购物,1
7406,2,Web7406,众信网,0
7407,2,Web7407,唱吧,0
7408,2,Web7408,数字尾巴,0
7409,2,Web7409,橘子娱乐,0
7410,2,Web7410,网侠手机站,0
7411,2,Web7411,赤月科技,0
7412,2,Web7412,超级教练官网,0
7413,2,Web7413,车讯网,0
7414,2,Web7414,雷锋网,0
7415,2,Web7415,韵达货运,0
7416,2,Web7416,梦象壁纸,0
7417,2,Web7417,神州鹰官网,0
7418,2,Web7418,健康居,0
7419,2,Web7419,好耶集团,0
7420,2,Web7420,安卓市场,1
7421,2,Web7421,晶赞广告,0
7422,2,Web7422,美乐乐家居网,0
7423,2,Web7423,IH5.CN,0
7424,2,Web7424,Live800官方网站,0
7425,2,Web7425,上海微肯网络科技有限公司,0
7426,2,Web7426,中国竞彩网,0
7427,2,Web7427,乐商店,0
7428,2,Web7428,人名测试,0
7429,2,Web7429,兰蔻Lancome官方网站暨网上商城,0
7430,2,Web7430,北京北森测评技术有限公司,0
7431,2,Web7431,南通热线,0
7432,2,Web7432,即刻,0
7433,2,Web7433,太平洋汽车网,1
7434,2,Web7434,客如云,0
7435,2,Web7435,富友支付服务有限公司,0
7436,2,Web7436,悦动圈跑步,1
7437,2,Web7437,找法网,0
7438,2,Web7438,无秘,0
7439,2,Web7439,有米广告,0
7440,2,Web7440,聚分享官方网站,0
7441,2,Web7441,腾讯QQ内嵌广告,0
7442,2,Web7442,腾讯体育,0
7443,2,Web7443,观天下,0
7444,2,Web7444,贝贝,1
7445,2,Web7445,车易通,0
7446,2,Web7446,韩国时尚,0
7447,2,Web7447,魔方,0
7448,2,Web7448,7723手机游戏,0
7449,2,Web7449,ME,1
7450,2,Web7450,Mobvoi,0
7451,2,Web7451,Register a .CN.COM,0
7452,2,Web7452,中证网,0
7453,2,Web7453,仙游科技,0
7454,2,Web7454,出门问问官网,0
7455,2,Web7455,北京拱顶石科技有限公司,0
7456,2,Web7456,句酷批改网,0
7457,2,Web7457,宜搜搜索,0
7458,2,Web7458,彩云天气,0
7459,2,Web7459,搜狗浏览器,1
7460,2,Web7460,永安行,0
7461,2,Web7461,精准WIFI联盟,0
7462,2,Web7462,自考准题库,1
7463,2,Web7463,蓝奏,0
7464,2,Web7464,超级课程表,0
7465,2,Web7465,齐齐互动视频,0
7466,2,Web7466,驾驶无忧,1
7467,2,Web7467,驾驶无忧,0
7468,2,Web7468,AMAZFIT,0
7469,2,Web7469,AREYOUAHUMAN.COM,0
7470,2,Web7470,DTSCOUT.COM,0
7471,2,Web7471,Histats.com,0
7472,2,Web7472,SHARETHIS,0
7473,2,Web7473,amplitude,0
7474,2,Web7474,巨盾杀毒软件网站,0
7475,2,Web7475,快看小说,0
7476,2,Web7476,快看漫画,1
7477,2,Web7477,斗罗大陆,0
7478,2,Web7478,新浪视频,0
7479,2,Web7479,餐行健,0
7480,2,Web7480,CAT,0
7481,2,Web7481,KK语音官网,0
7482,2,Web7482,LATIV,0
7483,2,Web7483,中国移动游戏,0
7484,2,Web7484,乐逗游戏,0
7485,2,Web7485,养生之道网,0
7486,2,Web7486,咪咕音乐,0
7487,2,Web7487,天翼阅读,0
7488,2,Web7488,微乐游戏,0
7489,2,Web7489,搜狗图片,0
7490,2,Web7490,爱游戏,0
7491,2,Web7491,磨叽移动平台,0
7492,2,Web7492,7X24S,0
7493,2,Web7493,便民查询网,0
7494,2,Web7494,可可简笔画教程网,0
7495,2,Web7495,宝宝巴士,0
7496,2,Web7496,淘粉吧,0
7497,2,Web7497,网上厨房,0
7498,2,Web7498,美柚经期助手,1
7499,2,Web7499,IN,1
7500,2,Web7500,乐视视频,1
7501,2,Web7501,手机游戏第一门户,0
7502,2,Web7502,页面未找到,0
7503,2,Web7503,黄历天气,1
7504,2,Web7504,管理后台,0
7505,2,Web7505,金山企业邮,0
7506,2,Web7506,LBE TECH,0
7507,2,Web7507,STUN协议流量,0
7508,2,Web7508,WTLS,0
7509,2,Web7509,搜苹果,0
7510,2,Web7510,营销软件,0
7511,2,Web7511,EJOY简悦,0
7512,2,Web7512,cyngn,0
7513,2,Web7513,学乐中国,0
7514,2,Web7514,尚游游戏,0
7515,2,Web7515,杭州网,0
7516,2,Web7516,物联网流量运营,0
7517,2,Web7517,起凡游戏官网,0
7518,2,Web7518,DHCP流量,0
7519,2,Web7519,小马哥微信,0
7520,2,Web7520,重庆市九吨科技有限公司,0
7521,2,Web7521,7654购物,0
7522,2,Web7522,中华网,0
7523,2,Web7523,中国小康网,0
7524,2,Web7524,小花钱包,0
7525,2,Web7525,平行空间官方论坛,0
7526,2,Web7526,职友集,0
7527,2,Web7527,中国黄金投资网,0
7528,2,Web7528,腾讯动漫,0
7529,2,Web7529,蘑菇云,0
7530,2,Web7530,33小说网,0
7531,2,Web7531,Blued官方网站,0
7532,2,Web7532,三国杀,0
7533,2,Web7533,中国日报网,0
7534,2,Web7534,平安好医生,0
7535,2,Web7535,战旗TV,0
7536,2,Web7536,手机游戏/网游,0
7537,2,Web7537,暴走漫画,0
7538,2,Web7538,深圳市云软信息技术有限公司,0
7539,2,Web7539,游卡公司官网,0
7540,2,Web7540,番茄小说网,0
7541,2,Web7541,章鱼输入法,1
7542,2,Web7542,笔趣阁,0
7543,2,Web7543,西安红盾信息网,0
7544,2,Web7544,逆战,0
7545,2,Web7545,齐鲁壹点,0
7546,2,Web7546,铃声多多,1
7547,2,Web7547,其他网盘类应用,0
7548,2,Web7548,懒人听书官网,0
7549,2,Web7549,LinkedIn,0
7550,2,Web7550,Q房网,0
7551,2,Web7551,妈妈100扫红码,0
7552,2,Web7552,孔明社会化媒体管理平台2.0,0
7553,2,Web7553,广州海鹚网络科技有限公司,0
7554,2,Web7554,挖财网,0
7555,2,Web7555,挖财股神,1
7556,2,Web7556,百世物流,0
7557,2,Web7557,莲子统计,0
7558,2,Web7558,CSDN,0
7559,2,Web7559,咕咚,1
7560,2,Web7560,大众点评,1
7561,2,Web7561,火山小视频,0
7562,2,Web7562,人人,1
7563,2,Web7563,出国留学网,0
7564,2,Web7564,土豆网,0
7565,2,Web7565,多米音乐,0
7566,2,Web7566,我乐网络,0
7567,2,Web7567,百度手机卫士,0
7568,2,Web7568,抖音短视频,1
7569,2,Web7569,173游戏圈,0
7570,2,Web7570,安智市场,0
7571,2,Web7571,抖音,0
7572,2,Web7572,邮件业务流量(收邮件),0
7573,2,Web7573,POP3s,0
7574,2,Web7574,智行火车票,1
7575,2,Web7575,电视猫,0
7576,2,Web7576,丁香园,1
7577,2,Web7577,华尔街见闻,0
7578,2,Web7578,婚礼纪,0
7579,2,Web7579,环球黑卡,0
7580,2,Web7580,360清理大师,1
7581,2,Web7581,UNKNOWN,1
7582,2,Web7582,宜人贷网上借贷平台公司官方网站,0
7583,2,Web7583,文汇报,0
7584,2,Web7584,007卡世界,0
7585,2,Web7585,『OPPO最新款智能手机在线订购,0
7586,2,Web7586,健康网,0
7587,2,Web7587,邮件业务流量(IMAP4),0
7588,2,Web7588,WPS Office,1
7589,2,Web7589,智学教师端,1
7590,2,Web7590,猿辅导,0
7591,2,Web7591,粉笔网,0
7592,2,Web7592,华夏航空,0
7593,2,Web7593,Flipboard,0
7594,2,Web7594,MULTICAST,0
7595,2,Web7595,Wikipedia,0
7596,2,Web7596,XNXXFREEZOOPORN,0
7597,2,Web7597,火币网,0
7598,2,Web7598,驾驶员考试网,0
7599,2,Web7599,33IQ.COM,0
7600,2,Web7600,众安在线财产保险股份有限公司,0
7601,2,Web7601,保险师,1
7602,2,Web7602,友邦中国,0
7603,2,Web7603,欧飞,0
7604,2,Web7604,海词词典,1
7605,2,Web7605,素彩网,0
7606,2,Web7606,彩信业务(发),0
7607,2,Web7607,DOTOMI,0
7608,2,Web7608,海拍客,0
7609,2,Web7609,直播吧1,0
7610,2,Web7610,腾讯云,0
7611,2,Web7611,速播直播,0
7612,2,Web7612,115,1
7613,2,Web7613,APPODEAL,0
7614,2,Web7614,ASC,0
7615,2,Web7615,SKYPIXEL,0
7616,2,Web7616,TIQ,0
7617,2,Web7617,中国人保,1
7618,2,Web7618,动卡空间,1
7619,2,Web7619,宜家家居,0
7620,2,Web7620,宜家家居官网,0
7621,2,Web7621,爱问,0
7622,2,Web7622,盛大游戏,0
7623,2,Web7623,腾讯体育,1
7624,2,Web7624,行者骑行,1
7625,2,Web7625,趣头条,1
7626,2,Web7626,转转,0
7627,2,Web7627,Fox,1
7628,2,Web7628,我查查,1
7629,2,Web7629,百度输入法,1
7630,2,Web7630,百度音乐,1
7631,2,Web7631,驾考宝典精华版,1
7632,2,Web7632,Online Portfolios on Behance,0
7633,2,Web7633,xboxlive,0
7634,2,Web7634,Telnet流量,0
7635,2,Web7635,天子,1
7636,2,Web7636,蜗牛游戏,0
7637,2,Web7637,中国安全教育网,0
7638,2,Web7638,作业盒子,0
7639,2,Web7639,海马苹果助手,0
7640,2,Web7640,经典台词,1
7641,2,Web7641,TIM,1
7642,2,Web7642,SIP业务流量,0
7643,2,Web7643,饿了么网上订餐,0
7644,2,Web7644,麦当劳,0
7645,2,Web7645,宜搜小说,1
7646,2,Web7646,JINGSOCIAL.COM,0
7647,2,Web7647,其他音乐类应用,0
7648,2,Web7648,微数,0
7649,2,Web7649,港华燃气,0
7650,2,Web7650,透云科技,0
7651,2,Web7651,雪碧,0
7652,2,Web7652,猎豹浏览器,1
7653,2,Web7653,中国电信网上营业厅,0
7654,2,Web7654,酷安网,0
7655,2,Web7655,上海微告,0
7656,2,Web7656,澎湃新闻,0
7657,2,Web7657,龙珠直播,1
7658,2,Web7658,易用汇,0
7659,2,Web7659,百传中云官网,0
7660,2,Web7660,美女图片,0
7661,2,Web7661,傲维网,0
7662,2,Web7662,PERSONALIZED,0
7663,2,Web7663,三五中文网,0
7664,2,Web7664,猎文网,0
7665,2,Web7665,触宝输入法,1
7666,2,Web7666,MIX滤镜大师,1
7667,2,Web7667,全民K歌,1
7668,2,Web7668,华为商城,1
7669,2,Web7669,方正字体,0
7670,2,Web7670,相机360,1
7671,2,Web7671,相机360,0
7672,2,Web7672,612游戏交易平台,0
7673,2,Web7673,乐七手游合作平台,0
7674,2,Web7674,凡高多多,0
7675,2,Web7675,有赞微商城,0
7676,2,Web7676,美团外卖,1
7677,2,Web7677,西西软件,0
7678,2,Web7678,金山快盘,0
7679,2,Web7679,电影网,0
7680,2,Web7680,红黑联盟,0
7681,2,Web7681,苏宁易购,0
7682,2,Web7682,语文迷,0
7683,2,Web7683,Wed114结婚网,0
